Region;Cname;Year;Number of cases
Eastern Mediterranean;Afghanistan;2010;0
Europe;Albania;2010;21
Africa;Algeria;2010;0
Europe;Andorra;2010;0
Africa;Angola;2010;0
 America;Antigua and Barbuda;2010;0
 America;Argentina;2010;5083
Europe;Armenia;2010;38
Western Pacific;Australia;2010;89
Europe;Austria;2010;
Europe;Azerbaijan;2010;125
 America;Bahamas (the);2010;0
Eastern Mediterranean;Bahrain;2010;46
South-East Asia;Bangladesh;2010;
 America;Barbados;2010;0
Europe;Belarus;2010;88
Europe;Belgium;2010;31
 America;Belize;2010;36
Africa;Benin;2010;
South-East Asia;Bhutan;2010;218
 America;Bolivia (Plurinational State of);2010;1781
Europe;Bosnia and Herzegovina;2010;209
Africa;Botswana;2010;
 America;Brazil;2010;0
Western Pacific;Brunei Darussalam;2010;12
Europe;Bulgaria;2010;317
Africa;Burkina Faso;2010;
Africa;Burundi;2010;0
Africa;Cabo Verde;2010;42
Western Pacific;Cambodia;2010;
Africa;Cameroon;2010;
 America;Canada;2010;799
Africa;Central African Republic (the);2010;
Africa;Chad;2010;
 America;Chile;2010;891
Western Pacific;China;2010;298932
 America;Colombia;2010;10376
Africa;Comoros (the);2010;0
Africa;Congo (the);2010;0
Western Pacific;Cook Islands;2010;0
 America;Costa Rica;2010;17
Africa;C?te d'Ivoire;2010;
Europe;Croatia;2010;37
 America;Cuba;2010;1
Europe;Cyprus;2010;2
Europe;Czech Republic;2010;1068
South-East Asia;Democratic People's Republic of Korea (the);2010;0
Africa;Democratic Republic of the Congo (the);2010;
Europe;Denmark;2010;32
Eastern Mediterranean;Djibouti;2010;
 America;Dominica;2010;0
 America;Dominican Republic (the);2010;4897
 America;Ecuador;2010;1331
Eastern Mediterranean;Egypt;2010;26
 America;El Salvador;2010;369
Africa;Equatorial Guinea;2010;
Africa;Eritrea;2010;2410
Europe;Estonia;2010;13
Africa;Eswatini;2010;7602
Africa;Ethiopia;2010;
Western Pacific;Fiji;2010;0
Europe;Finland;2010;4
Europe;France;2010;
Africa;Gabon;2010;
Africa;Gambia;2010;0
Europe;Georgia;2010;101
Europe;Germany;2010;
Africa;Ghana;2010;3780
Europe;Greece;2010;2
 America;Grenada;2010;0
 America;Guatemala;2010;9
Africa;Guinea;2010;0
Africa;Guinea-Bissau;2010;0
 America;Guyana;2010;0
 America;Haiti;2010;
 America;Honduras;2010;172
Europe;Hungary;2010;0
Europe;Iceland;2010;2
South-East Asia;India;2010;
South-East Asia;Indonesia;2010;
Eastern Mediterranean;Iran (Islamic Republic of);2010;
Eastern Mediterranean;Iraq;2010;1862
Europe;Ireland;2010;308
Europe;Israel;2010;4923
Europe;Italy;2010;530
 America;Jamaica;2010;1
Western Pacific;Japan;2010;179635
Eastern Mediterranean;Jordan;2010;162
Europe;Kazakhstan;2010;82
Africa;Kenya;2010;
Western Pacific;Kiribati;2010;0
Eastern Mediterranean;Kuwait;2010;91
Europe;Kyrgyzstan;2010;396
Western Pacific;Lao People's Democratic Republic (the);2010;
Europe;Latvia;2010;3
Eastern Mediterranean;Lebanon;2010;28
Africa;Lesotho;2010;0
Africa;Liberia;2010;
Eastern Mediterranean;Libya;2010;
Europe;Lithuania;2010;87
Europe;Luxembourg;2010;0
Africa;Madagascar;2010;0
Africa;Malawi;2010;
Western Pacific;Malaysia;2010;
South-East Asia;Maldives;2010;50
Africa;Mali;2010;
Europe;Malta;2010;2
Western Pacific;Marshall Islands (the);2010;1
Africa;Mauritania;2010;
Africa;Mauritius;2010;2
 America;Mexico;2010;5780
Western Pacific;Micronesia (Federated States of);2010;684
Europe;Monaco;2010;
Western Pacific;Mongolia;2010;524
Europe;Montenegro;2010;13
Eastern Mediterranean;Morocco;2010;
Africa;Mozambique;2010;
South-East Asia;Myanmar;2010;
Africa;Namibia;2010;0
Western Pacific;Nauru;2010;0
South-East Asia;Nepal;2010;29022
Europe;Netherlands (the);2010;562
Western Pacific;New Zealand;2010;14
 America;Nicaragua;2010;52
Africa;Niger (the);2010;0
Africa;Nigeria;2010;
Western Pacific;Niue;2010;1
Europe;North Macedonia;2010;242
Europe;Norway;2010;12
Eastern Mediterranean;Oman;2010;575
Eastern Mediterranean;Pakistan;2010;
Western Pacific;Palau;2010;0
 America;Panama;2010;81
Western Pacific;Papua New Guinea;2010;
 America;Paraguay;2010;132
 America;Peru;2010;0
Western Pacific;Philippines (the);2010;
Europe;Poland;2010;2754
Europe;Portugal;2010;140
Eastern Mediterranean;Qatar;2010;151
Western Pacific;Republic of Korea (the);2010;6104
Europe;Republic of Moldova (the);2010;144
Europe;Romania;2010;286
Europe;Russian Federation (the);2010;510
Africa;Rwanda;2010;
 America;Saint Kitts and Nevis;2010;0
 America;Saint Lucia;2010;0
 America;Saint Vincent and the Grenadines;2010;0
Western Pacific;Samoa;2010;1
Europe;San Marino;2010;2
Africa;Sao Tome and Principe;2010;
Eastern Mediterranean;Saudi Arabia;2010;610
Africa;Senegal;2010;
Europe;Serbia;2010;40
Africa;Seychelles;2010;0
Africa;Sierra Leone;2010;
Western Pacific;Singapore;2010;452
Europe;Slovakia;2010;2
Europe;Slovenia;2010;5
Western Pacific;Solomon Islands;2010;
Eastern Mediterranean;Somalia;2010;
Africa;South Africa;2010;
Africa;South Sudan;2010;
Europe;Spain;2010;2516
South-East Asia;Sri Lanka;2010;897
Eastern Mediterranean;Sudan (the);2010;
 America;Suriname;2010;0
Europe;Sweden;2010;24
Europe;Switzerland;2010;600
Eastern Mediterranean;Syrian Arab Republic (the);2010;145
Europe;Tajikistan;2010;1558
South-East Asia;Thailand;2010;15885
South-East Asia;Timor-Leste;2010;0
Africa;Togo;2010;
Western Pacific;Tonga;2010;0
 America;Trinidad and Tobago;2010;0
Eastern Mediterranean;Tunisia;2010;
Europe;Turkey;2010;1525
Europe;Turkmenistan;2010;61
Western Pacific;Tuvalu;2010;0
Africa;Uganda;2010;
Europe;Ukraine;2010;951
Eastern Mediterranean;United Arab Emirates (the);2010;396
Europe;United Kingdom of Great Britain and Northern Ireland (the);2010;4527
Africa;United Republic of Tanzania;2010;
 America;United States of America (the);2010;2612
 America;Uruguay;2010;169
Europe;Uzbekistan;2010;1418
Western Pacific;Vanuatu;2010;
 America;Venezuela (Bolivarian Republic of);2010;3353
Western Pacific;Viet Nam;2010;
Eastern Mediterranean;Yemen;2010;4685
Africa;Zambia;2010;
Africa;Zimbabwe;2010;
Eastern Mediterranean;Afghanistan;2011;
Europe;Albania;2011;39
Africa;Algeria;2011;0
Europe;Andorra;2011;0
Africa;Angola;2011;
 America;Antigua and Barbuda;2011;0
 America;Argentina;2011;5481
Europe;Armenia;2011;15
Western Pacific;Australia;2011;145
Europe;Austria;2011;
Europe;Azerbaijan;2011;101
 America;Bahamas (the);2011;0
Eastern Mediterranean;Bahrain;2011;18
South-East Asia;Bangladesh;2011;
 America;Barbados;2011;0
Europe;Belarus;2011;48
Europe;Belgium;2011;15
 America;Belize;2011;0
Africa;Benin;2011;
South-East Asia;Bhutan;2011;262
 America;Bolivia (Plurinational State of);2011;1096
Europe;Bosnia and Herzegovina;2011;8209
Africa;Botswana;2011;
 America;Brazil;2011;
Western Pacific;Brunei Darussalam;2011;19
Europe;Bulgaria;2011;139
Africa;Burkina Faso;2011;0
Africa;Burundi;2011;0
Africa;Cabo Verde;2011;198
Western Pacific;Cambodia;2011;
Africa;Cameroon;2011;
 America;Canada;2011;282
Africa;Central African Republic (the);2011;
Africa;Chad;2011;
 America;Chile;2011;950
Western Pacific;China;2011;454385
 America;Colombia;2011;15926
Africa;Comoros (the);2011;
Africa;Congo (the);2011;
Western Pacific;Cook Islands;2011;0
 America;Costa Rica;2011;1
Africa;C?te d'Ivoire;2011;
Europe;Croatia;2011;86
 America;Cuba;2011;0
Europe;Cyprus;2011;0
Europe;Czech Republic;2011;2885
South-East Asia;Democratic People's Republic of Korea (the);2011;66
Africa;Democratic Republic of the Congo (the);2011;
Europe;Denmark;2011;13
Eastern Mediterranean;Djibouti;2011;
 America;Dominica;2011;0
 America;Dominican Republic (the);2011;0
 America;Ecuador;2011;733
Eastern Mediterranean;Egypt;2011;531
 America;El Salvador;2011;632
Africa;Equatorial Guinea;2011;
Africa;Eritrea;2011;3825
Europe;Estonia;2011;8
Africa;Eswatini;2011;6773
Africa;Ethiopia;2011;
Western Pacific;Fiji;2011;
Europe;Finland;2011;2
Europe;France;2011;
Africa;Gabon;2011;
Africa;Gambia;2011;0
Europe;Georgia;2011;44
Europe;Germany;2011;
Africa;Ghana;2011;
Europe;Greece;2011;1
 America;Grenada;2011;0
 America;Guatemala;2011;0
Africa;Guinea;2011;
Africa;Guinea-Bissau;2011;0
 America;Guyana;2011;0
 America;Haiti;2011;
 America;Honduras;2011;143
Europe;Hungary;2011;5
Europe;Iceland;2011;0
South-East Asia;India;2011;
South-East Asia;Indonesia;2011;
Eastern Mediterranean;Iran (Islamic Republic of);2011;
Eastern Mediterranean;Iraq;2011;1944
Europe;Ireland;2011;177
Europe;Israel;2011;301
Europe;Italy;2011;726
 America;Jamaica;2011;4
Western Pacific;Japan;2011;137060
Eastern Mediterranean;Jordan;2011;175
Europe;Kazakhstan;2011;51
Africa;Kenya;2011;0
Western Pacific;Kiribati;2011;
Eastern Mediterranean;Kuwait;2011;62
Europe;Kyrgyzstan;2011;300
Western Pacific;Lao People's Democratic Republic (the);2011;54
Europe;Latvia;2011;10
Eastern Mediterranean;Lebanon;2011;12
Africa;Lesotho;2011;0
Africa;Liberia;2011;0
Eastern Mediterranean;Libya;2011;
Europe;Lithuania;2011;64
Europe;Luxembourg;2011;0
Africa;Madagascar;2011;12
Africa;Malawi;2011;
Western Pacific;Malaysia;2011;
South-East Asia;Maldives;2011;69
Africa;Mali;2011;
Europe;Malta;2011;0
Western Pacific;Marshall Islands (the);2011;0
Africa;Mauritania;2011;
Africa;Mauritius;2011;0
 America;Mexico;2011;2685
Western Pacific;Micronesia (Federated States of);2011;
Europe;Monaco;2011;
Western Pacific;Mongolia;2011;1016
Europe;Montenegro;2011;57
Eastern Mediterranean;Morocco;2011;
Africa;Mozambique;2011;
South-East Asia;Myanmar;2011;
Africa;Namibia;2011;0
Western Pacific;Nauru;2011;0
South-East Asia;Nepal;2011;39023
Europe;Netherlands (the);2011;610
Western Pacific;New Zealand;2011;52
 America;Nicaragua;2011;1
Africa;Niger (the);2011;
Africa;Nigeria;2011;0
Western Pacific;Niue;2011;0
Europe;North Macedonia;2011;111
Europe;Norway;2011;16
Eastern Mediterranean;Oman;2011;121
Eastern Mediterranean;Pakistan;2011;
Western Pacific;Palau;2011;0
 America;Panama;2011;111
Western Pacific;Papua New Guinea;2011;
 America;Paraguay;2011;283
 America;Peru;2011;0
Western Pacific;Philippines (the);2011;
Europe;Poland;2011;
Europe;Portugal;2011;134
Eastern Mediterranean;Qatar;2011;368
Western Pacific;Republic of Korea (the);2011;6241
Europe;Republic of Moldova (the);2011;143
Europe;Romania;2011;195
Europe;Russian Federation (the);2011;406
Africa;Rwanda;2011;
 America;Saint Kitts and Nevis;2011;0
 America;Saint Lucia;2011;0
 America;Saint Vincent and the Grenadines;2011;0
Western Pacific;Samoa;2011;0
Europe;San Marino;2011;1
Africa;Sao Tome and Principe;2011;
Eastern Mediterranean;Saudi Arabia;2011;26
Africa;Senegal;2011;
Europe;Serbia;2011;63
Africa;Seychelles;2011;0
Africa;Sierra Leone;2011;
Western Pacific;Singapore;2011;501
Europe;Slovakia;2011;2
Europe;Slovenia;2011;4
Western Pacific;Solomon Islands;2011;0
Eastern Mediterranean;Somalia;2011;
Africa;South Africa;2011;
Africa;South Sudan;2011;
Europe;Spain;2011;4416
South-East Asia;Sri Lanka;2011;1129
Eastern Mediterranean;Sudan (the);2011;
 America;Suriname;2011;0
Europe;Sweden;2011;38
Europe;Switzerland;2011;140
Eastern Mediterranean;Syrian Arab Republic (the);2011;95
Europe;Tajikistan;2011;1441
South-East Asia;Thailand;2011;10077
South-East Asia;Timor-Leste;2011;0
Africa;Togo;2011;
Western Pacific;Tonga;2011;0
 America;Trinidad and Tobago;2011;0
Eastern Mediterranean;Tunisia;2011;
Europe;Turkey;2011;1609
Europe;Turkmenistan;2011;31
Western Pacific;Tuvalu;2011;0
Africa;Uganda;2011;
Europe;Ukraine;2011;955
Eastern Mediterranean;United Arab Emirates (the);2011;
Europe;United Kingdom of Great Britain and Northern Ireland (the);2011;2716
Africa;United Republic of Tanzania;2011;
 America;United States of America (the);2011;386
 America;Uruguay;2011;132
Europe;Uzbekistan;2011;1160
Western Pacific;Vanuatu;2011;
 America;Venezuela (Bolivarian Republic of);2011;2740
Western Pacific;Viet Nam;2011;
Eastern Mediterranean;Yemen;2011;3306
Africa;Zambia;2011;
Africa;Zimbabwe;2011;
Eastern Mediterranean;Afghanistan;2012;
Europe;Albania;2012;18
Africa;Algeria;2012;0
Europe;Andorra;2012;1
Africa;Angola;2012;
 America;Antigua and Barbuda;2012;0
 America;Argentina;2012;4619
Europe;Armenia;2012;6
Western Pacific;Australia;2012;195
Europe;Austria;2012;
Europe;Azerbaijan;2012;126
 America;Bahamas (the);2012;0
Eastern Mediterranean;Bahrain;2012;29
South-East Asia;Bangladesh;2012;
 America;Barbados;2012;0
Europe;Belarus;2012;61
Europe;Belgium;2012;2687
 America;Belize;2012;2
Africa;Benin;2012;
South-East Asia;Bhutan;2012;198
 America;Bolivia (Plurinational State of);2012;0
Europe;Bosnia and Herzegovina;2012;7881
Africa;Botswana;2012;
 America;Brazil;2012;0
Western Pacific;Brunei Darussalam;2012;14
Europe;Bulgaria;2012;58
Africa;Burkina Faso;2012;
Africa;Burundi;2012;
Africa;Cabo Verde;2012;40
Western Pacific;Cambodia;2012;17
Africa;Cameroon;2012;
 America;Canada;2012;54
Africa;Central African Republic (the);2012;
Africa;Chad;2012;
 America;Chile;2012;876
Western Pacific;China;2012;479518
 America;Colombia;2012;9377
Africa;Comoros (the);2012;
Africa;Congo (the);2012;0
Western Pacific;Cook Islands;2012;0
 America;Costa Rica;2012;30
Africa;C?te d'Ivoire;2012;
Europe;Croatia;2012;95
 America;Cuba;2012;0
Europe;Cyprus;2012;3
Europe;Czech Republic;2012;3902
South-East Asia;Democratic People's Republic of Korea (the);2012;11
Africa;Democratic Republic of the Congo (the);2012;
Europe;Denmark;2012;15
Eastern Mediterranean;Djibouti;2012;
 America;Dominica;2012;0
 America;Dominican Republic (the);2012;0
 America;Ecuador;2012;799
Eastern Mediterranean;Egypt;2012;
 America;El Salvador;2012;351
Africa;Equatorial Guinea;2012;
Africa;Eritrea;2012;2350
Europe;Estonia;2012;4
Africa;Eswatini;2012;0
Africa;Ethiopia;2012;
Western Pacific;Fiji;2012;
Europe;Finland;2012;
Europe;France;2012;
Africa;Gabon;2012;
Africa;Gambia;2012;0
Europe;Georgia;2012;50
Europe;Germany;2012;
Africa;Ghana;2012;
Europe;Greece;2012;2
 America;Grenada;2012;2
 America;Guatemala;2012;143
Africa;Guinea;2012;
Africa;Guinea-Bissau;2012;0
 America;Guyana;2012;0
 America;Haiti;2012;0
 America;Honduras;2012;138
Europe;Hungary;2012;4
Europe;Iceland;2012;0
South-East Asia;India;2012;
South-East Asia;Indonesia;2012;
Eastern Mediterranean;Iran (Islamic Republic of);2012;
Eastern Mediterranean;Iraq;2012;1482
Europe;Ireland;2012;170
Europe;Israel;2012;93
Europe;Italy;2012;322
 America;Jamaica;2012;0
Western Pacific;Japan;2012;71549
Eastern Mediterranean;Jordan;2012;194
Europe;Kazakhstan;2012;67
Africa;Kenya;2012;0
Western Pacific;Kiribati;2012;0
Eastern Mediterranean;Kuwait;2012;61
Europe;Kyrgyzstan;2012;350
Western Pacific;Lao People's Democratic Republic (the);2012;
Europe;Latvia;2012;41
Eastern Mediterranean;Lebanon;2012;12
Africa;Lesotho;2012;0
Africa;Liberia;2012;0
Eastern Mediterranean;Libya;2012;111
Europe;Lithuania;2012;62
Europe;Luxembourg;2012;0
Africa;Madagascar;2012;
Africa;Malawi;2012;
Western Pacific;Malaysia;2012;
South-East Asia;Maldives;2012;14
Africa;Mali;2012;
Europe;Malta;2012;
Western Pacific;Marshall Islands (the);2012;3
Africa;Mauritania;2012;
Africa;Mauritius;2012;11
 America;Mexico;2012;5683
Western Pacific;Micronesia (Federated States of);2012;
Europe;Monaco;2012;
Western Pacific;Mongolia;2012;9060
Europe;Montenegro;2012;104
Eastern Mediterranean;Morocco;2012;
Africa;Mozambique;2012;
South-East Asia;Myanmar;2012;
Africa;Namibia;2012;0
Western Pacific;Nauru;2012;
South-East Asia;Nepal;2012;35874
Europe;Netherlands (the);2012;398
Western Pacific;New Zealand;2012;26
 America;Nicaragua;2012;4
Africa;Niger (the);2012;0
Africa;Nigeria;2012;
Western Pacific;Niue;2012;0
Europe;North Macedonia;2012;97
Europe;Norway;2012;30
Eastern Mediterranean;Oman;2012;679
Eastern Mediterranean;Pakistan;2012;
Western Pacific;Palau;2012;0
 America;Panama;2012;134
Western Pacific;Papua New Guinea;2012;
 America;Paraguay;2012;247
 America;Peru;2012;
Western Pacific;Philippines (the);2012;
Europe;Poland;2012;2779
Europe;Portugal;2012;158
Eastern Mediterranean;Qatar;2012;382
Western Pacific;Republic of Korea (the);2012;7147
Europe;Republic of Moldova (the);2012;131
Europe;Romania;2012;163
Europe;Russian Federation (the);2012;394
Africa;Rwanda;2012;
 America;Saint Kitts and Nevis;2012;0
 America;Saint Lucia;2012;0
 America;Saint Vincent and the Grenadines;2012;0
Western Pacific;Samoa;2012;0
Europe;San Marino;2012;2
Africa;Sao Tome and Principe;2012;
Eastern Mediterranean;Saudi Arabia;2012;64
Africa;Senegal;2012;
Europe;Serbia;2012;584
Africa;Seychelles;2012;0
Africa;Sierra Leone;2012;
Western Pacific;Singapore;2012;521
Europe;Slovakia;2012;5
Europe;Slovenia;2012;8
Western Pacific;Solomon Islands;2012;0
Eastern Mediterranean;Somalia;2012;
Africa;South Africa;2012;
Africa;South Sudan;2012;
Europe;Spain;2012;9539
South-East Asia;Sri Lanka;2012;3558
Eastern Mediterranean;Sudan (the);2012;
 America;Suriname;2012;0
Europe;Sweden;2012;33
Europe;Switzerland;2012;
Eastern Mediterranean;Syrian Arab Republic (the);2012;52
Europe;Tajikistan;2012;1518
South-East Asia;Thailand;2012;7431
South-East Asia;Timor-Leste;2012;0
Africa;Togo;2012;
Western Pacific;Tonga;2012;0
 America;Trinidad and Tobago;2012;0
Eastern Mediterranean;Tunisia;2012;
Europe;Turkey;2012;834
Europe;Turkmenistan;2012;
Western Pacific;Tuvalu;2012;0
Africa;Uganda;2012;
Europe;Ukraine;2012;799
Eastern Mediterranean;United Arab Emirates (the);2012;377
Europe;United Kingdom of Great Britain and Northern Ireland (the);2012;3178
Africa;United Republic of Tanzania;2012;
 America;United States of America (the);2012;229
 America;Uruguay;2012;113
Europe;Uzbekistan;2012;2300
Western Pacific;Vanuatu;2012;
 America;Venezuela (Bolivarian Republic of);2012;0
Western Pacific;Viet Nam;2012;
Eastern Mediterranean;Yemen;2012;5081
Africa;Zambia;2012;
Africa;Zimbabwe;2012;0
Eastern Mediterranean;Afghanistan;2013;0
Europe;Albania;2013;20
Africa;Algeria;2013;27
Europe;Andorra;2013;2
Africa;Angola;2013;
 America;Antigua and Barbuda;2013;0
 America;Argentina;2013;3772
Europe;Armenia;2013;2
Western Pacific;Australia;2013;216
Europe;Austria;2013;
Europe;Azerbaijan;2013;76
 America;Bahamas (the);2013;0
Eastern Mediterranean;Bahrain;2013;59
South-East Asia;Bangladesh;2013;
 America;Barbados;2013;0
Europe;Belarus;2013;8
Europe;Belgium;2013;4573
 America;Belize;2013;0
Africa;Benin;2013;
South-East Asia;Bhutan;2013;20
 America;Bolivia (Plurinational State of);2013;764
Europe;Bosnia and Herzegovina;2013;
Africa;Botswana;2013;
 America;Brazil;2013;0
Western Pacific;Brunei Darussalam;2013;
Europe;Bulgaria;2013;25
Africa;Burkina Faso;2013;8090
Africa;Burundi;2013;
Africa;Cabo Verde;2013;11
Western Pacific;Cambodia;2013;0
Africa;Cameroon;2013;
 America;Canada;2013;92
Africa;Central African Republic (the);2013;0
Africa;Chad;2013;
 America;Chile;2013;821
Western Pacific;China;2013;327759
 America;Colombia;2013;7884
Africa;Comoros (the);2013;
Africa;Congo (the);2013;
Western Pacific;Cook Islands;2013;
 America;Costa Rica;2013;0
Africa;C?te d'Ivoire;2013;
Europe;Croatia;2013;35
 America;Cuba;2013;
Europe;Cyprus;2013;0
Europe;Czech Republic;2013;1553
South-East Asia;Democratic People's Republic of Korea (the);2013;0
Africa;Democratic Republic of the Congo (the);2013;
Europe;Denmark;2013;60
Eastern Mediterranean;Djibouti;2013;
 America;Dominica;2013;0
 America;Dominican Republic (the);2013;498
 America;Ecuador;2013;1308
Eastern Mediterranean;Egypt;2013;20390
 America;El Salvador;2013;274
Africa;Equatorial Guinea;2013;0
Africa;Eritrea;2013;0
Europe;Estonia;2013;12
Africa;Eswatini;2013;
Africa;Ethiopia;2013;
Western Pacific;Fiji;2013;
Europe;Finland;2013;1
Europe;France;2013;
Africa;Gabon;2013;
Africa;Gambia;2013;0
Europe;Georgia;2013;52
Europe;Germany;2013;
Africa;Ghana;2013;0
Europe;Greece;2013;0
 America;Grenada;2013;0
 America;Guatemala;2013;0
Africa;Guinea;2013;
Africa;Guinea-Bissau;2013;0
 America;Guyana;2013;0
 America;Haiti;2013;
 America;Honduras;2013;158
Europe;Hungary;2013;8
Europe;Iceland;2013;1
South-East Asia;India;2013;
South-East Asia;Indonesia;2013;
Eastern Mediterranean;Iran (Islamic Republic of);2013;
Eastern Mediterranean;Iraq;2013;1809
Europe;Ireland;2013;228
Europe;Israel;2013;51
Europe;Italy;2013;
 America;Jamaica;2013;0
Western Pacific;Japan;2013;40999
Eastern Mediterranean;Jordan;2013;135
Europe;Kazakhstan;2013;38
Africa;Kenya;2013;
Western Pacific;Kiribati;2013;0
Eastern Mediterranean;Kuwait;2013;45
Europe;Kyrgyzstan;2013;694
Western Pacific;Lao People's Democratic Republic (the);2013;27
Europe;Latvia;2013;15
Eastern Mediterranean;Lebanon;2013;14
Africa;Lesotho;2013;0
Africa;Liberia;2013;0
Eastern Mediterranean;Libya;2013;
Europe;Lithuania;2013;67
Europe;Luxembourg;2013;5
Africa;Madagascar;2013;5
Africa;Malawi;2013;0
Western Pacific;Malaysia;2013;
South-East Asia;Maldives;2013;17
Africa;Mali;2013;
Europe;Malta;2013;
Western Pacific;Marshall Islands (the);2013;
Africa;Mauritania;2013;
Africa;Mauritius;2013;14
 America;Mexico;2013;0
Western Pacific;Micronesia (Federated States of);2013;
Europe;Monaco;2013;
Western Pacific;Mongolia;2013;5268
Europe;Montenegro;2013;48
Eastern Mediterranean;Morocco;2013;
Africa;Mozambique;2013;
South-East Asia;Myanmar;2013;
Africa;Namibia;2013;
Western Pacific;Nauru;2013;
South-East Asia;Nepal;2013;29134
Europe;Netherlands (the);2013;204
Western Pacific;New Zealand;2013;23
 America;Nicaragua;2013;35
Africa;Niger (the);2013;0
Africa;Nigeria;2013;
Western Pacific;Niue;2013;0
Europe;North Macedonia;2013;60
Europe;Norway;2013;35
Eastern Mediterranean;Oman;2013;163
Eastern Mediterranean;Pakistan;2013;
Western Pacific;Palau;2013;0
 America;Panama;2013;165
Western Pacific;Papua New Guinea;2013;
 America;Paraguay;2013;172
 America;Peru;2013;0
Western Pacific;Philippines (the);2013;
Europe;Poland;2013;2436
Europe;Portugal;2013;162
Eastern Mediterranean;Qatar;2013;289
Western Pacific;Republic of Korea (the);2013;17022
Europe;Republic of Moldova (the);2013;60
Europe;Romania;2013;98
Europe;Russian Federation (the);2013;282
Africa;Rwanda;2013;
 America;Saint Kitts and Nevis;2013;0
 America;Saint Lucia;2013;0
 America;Saint Vincent and the Grenadines;2013;0
Western Pacific;Samoa;2013;
Europe;San Marino;2013;
Africa;Sao Tome and Principe;2013;
Eastern Mediterranean;Saudi Arabia;2013;1172
Africa;Senegal;2013;
Europe;Serbia;2013;64
Africa;Seychelles;2013;0
Africa;Sierra Leone;2013;
Western Pacific;Singapore;2013;495
Europe;Slovakia;2013;218
Europe;Slovenia;2013;1
Western Pacific;Solomon Islands;2013;0
Eastern Mediterranean;Somalia;2013;
Africa;South Africa;2013;
Africa;South Sudan;2013;
Europe;Spain;2013;13951
South-East Asia;Sri Lanka;2013;1274
Eastern Mediterranean;Sudan (the);2013;
 America;Suriname;2013;0
Europe;Sweden;2013;44
Europe;Switzerland;2013;
Eastern Mediterranean;Syrian Arab Republic (the);2013;45
Europe;Tajikistan;2013;1530
South-East Asia;Thailand;2013;5907
South-East Asia;Timor-Leste;2013;
Africa;Togo;2013;
Western Pacific;Tonga;2013;0
 America;Trinidad and Tobago;2013;0
Eastern Mediterranean;Tunisia;2013;
Europe;Turkey;2013;597
Europe;Turkmenistan;2013;13
Western Pacific;Tuvalu;2013;
Africa;Uganda;2013;
Europe;Ukraine;2013;
Eastern Mediterranean;United Arab Emirates (the);2013;
Europe;United Kingdom of Great Britain and Northern Ireland (the);2013;4718
Africa;United Republic of Tanzania;2013;
 America;United States of America (the);2013;584
 America;Uruguay;2013;205
Europe;Uzbekistan;2013;3256
Western Pacific;Vanuatu;2013;
 America;Venezuela (Bolivarian Republic of);2013;15
Western Pacific;Viet Nam;2013;
Eastern Mediterranean;Yemen;2013;3837
Africa;Zambia;2013;
Africa;Zimbabwe;2013;
Eastern Mediterranean;Afghanistan;2014;0
Europe;Albania;2014;
Africa;Algeria;2014;
Europe;Andorra;2014;0
Africa;Angola;2014;
 America;Antigua and Barbuda;2014;0
 America;Argentina;2014;87
Europe;Armenia;2014;2
Western Pacific;Australia;2014;187
Europe;Austria;2014;
Europe;Azerbaijan;2014;9
 America;Bahamas (the);2014;0
Eastern Mediterranean;Bahrain;2014;21
South-East Asia;Bangladesh;2014;
 America;Barbados;2014;0
Europe;Belarus;2014;4
Europe;Belgium;2014;228
 America;Belize;2014;0
Africa;Benin;2014;
South-East Asia;Bhutan;2014;206
 America;Bolivia (Plurinational State of);2014;586
Europe;Bosnia and Herzegovina;2014;
Africa;Botswana;2014;
 America;Brazil;2014;0
Western Pacific;Brunei Darussalam;2014;3
Europe;Bulgaria;2014;31
Africa;Burkina Faso;2014;0
Africa;Burundi;2014;
Africa;Cabo Verde;2014;1
Western Pacific;Cambodia;2014;0
Africa;Cameroon;2014;
 America;Canada;2014;40
Africa;Central African Republic (the);2014;
Africa;Chad;2014;
 America;Chile;2014;863
Western Pacific;China;2014;187500
 America;Colombia;2014;7368
Africa;Comoros (the);2014;
Africa;Congo (the);2014;
Western Pacific;Cook Islands;2014;
 America;Costa Rica;2014;0
Africa;C?te d'Ivoire;2014;
Europe;Croatia;2014;
 America;Cuba;2014;0
Europe;Cyprus;2014;1
Europe;Czech Republic;2014;677
South-East Asia;Democratic People's Republic of Korea (the);2014;0
Africa;Democratic Republic of the Congo (the);2014;
Europe;Denmark;2014;41
Eastern Mediterranean;Djibouti;2014;
 America;Dominica;2014;0
 America;Dominican Republic (the);2014;1784
 America;Ecuador;2014;1522
Eastern Mediterranean;Egypt;2014;7626
 America;El Salvador;2014;257
Africa;Equatorial Guinea;2014;0
Africa;Eritrea;2014;
Europe;Estonia;2014;10
Africa;Eswatini;2014;3
Africa;Ethiopia;2014;
Western Pacific;Fiji;2014;
Europe;Finland;2014;
Europe;France;2014;
Africa;Gabon;2014;
Africa;Gambia;2014;0
Europe;Georgia;2014;55
Europe;Germany;2014;837
Africa;Ghana;2014;0
Europe;Greece;2014;1
 America;Grenada;2014;0
 America;Guatemala;2014;0
Africa;Guinea;2014;
Africa;Guinea-Bissau;2014;0
 America;Guyana;2014;0
 America;Haiti;2014;0
 America;Honduras;2014;136
Europe;Hungary;2014;2
Europe;Iceland;2014;0
South-East Asia;India;2014;
South-East Asia;Indonesia;2014;
Eastern Mediterranean;Iran (Islamic Republic of);2014;
Eastern Mediterranean;Iraq;2014;1295
Europe;Ireland;2014;762
Europe;Israel;2014;140
Europe;Italy;2014;
 America;Jamaica;2014;0
Western Pacific;Japan;2014;46340
Eastern Mediterranean;Jordan;2014;0
Europe;Kazakhstan;2014;40
Africa;Kenya;2014;
Western Pacific;Kiribati;2014;0
Eastern Mediterranean;Kuwait;2014;76
Europe;Kyrgyzstan;2014;
Western Pacific;Lao People's Democratic Republic (the);2014;0
Europe;Latvia;2014;11
Eastern Mediterranean;Lebanon;2014;2
Africa;Lesotho;2014;0
Africa;Liberia;2014;0
Eastern Mediterranean;Libya;2014;
Europe;Lithuania;2014;45
Europe;Luxembourg;2014;
Africa;Madagascar;2014;
Africa;Malawi;2014;0
Western Pacific;Malaysia;2014;
South-East Asia;Maldives;2014;0
Africa;Mali;2014;
Europe;Malta;2014;3
Western Pacific;Marshall Islands (the);2014;
Africa;Mauritania;2014;
Africa;Mauritius;2014;3
 America;Mexico;2014;4143
Western Pacific;Micronesia (Federated States of);2014;0
Europe;Monaco;2014;
Western Pacific;Mongolia;2014;425
Europe;Montenegro;2014;
Eastern Mediterranean;Morocco;2014;
Africa;Mozambique;2014;
South-East Asia;Myanmar;2014;
Africa;Namibia;2014;0
Western Pacific;Nauru;2014;
South-East Asia;Nepal;2014;34034
Europe;Netherlands (the);2014;39
Western Pacific;New Zealand;2014;18
 America;Nicaragua;2014;44
Africa;Niger (the);2014;0
Africa;Nigeria;2014;
Western Pacific;Niue;2014;
Europe;North Macedonia;2014;
Europe;Norway;2014;18
Eastern Mediterranean;Oman;2014;202
Eastern Mediterranean;Pakistan;2014;
Western Pacific;Palau;2014;0
 America;Panama;2014;108
Western Pacific;Papua New Guinea;2014;
 America;Paraguay;2014;147
 America;Peru;2014;0
Western Pacific;Philippines (the);2014;
Europe;Poland;2014;
Europe;Portugal;2014;4
Eastern Mediterranean;Qatar;2014;13
Western Pacific;Republic of Korea (the);2014;
Europe;Republic of Moldova (the);2014;51
Europe;Romania;2014;107
Europe;Russian Federation (the);2014;267
Africa;Rwanda;2014;0
 America;Saint Kitts and Nevis;2014;0
 America;Saint Lucia;2014;0
 America;Saint Vincent and the Grenadines;2014;0
Western Pacific;Samoa;2014;
Europe;San Marino;2014;
Africa;Sao Tome and Principe;2014;
Eastern Mediterranean;Saudi Arabia;2014;19
Africa;Senegal;2014;
Europe;Serbia;2014;63
Africa;Seychelles;2014;0
Africa;Sierra Leone;2014;
Western Pacific;Singapore;2014;
Europe;Slovakia;2014;1559
Europe;Slovenia;2014;1
Western Pacific;Solomon Islands;2014;
Eastern Mediterranean;Somalia;2014;
Africa;South Africa;2014;
Africa;South Sudan;2014;0
Europe;Spain;2014;
South-East Asia;Sri Lanka;2014;383
Eastern Mediterranean;Sudan (the);2014;
 America;Suriname;2014;0
Europe;Sweden;2014;21
Europe;Switzerland;2014;
Eastern Mediterranean;Syrian Arab Republic (the);2014;
Europe;Tajikistan;2014;
South-East Asia;Thailand;2014;3704
South-East Asia;Timor-Leste;2014;0
Africa;Togo;2014;
Western Pacific;Tonga;2014;
 America;Trinidad and Tobago;2014;0
Eastern Mediterranean;Tunisia;2014;
Europe;Turkey;2014;457
Europe;Turkmenistan;2014;27
Western Pacific;Tuvalu;2014;
Africa;Uganda;2014;
Europe;Ukraine;2014;
Eastern Mediterranean;United Arab Emirates (the);2014;354
Europe;United Kingdom of Great Britain and Northern Ireland (the);2014;2958
Africa;United Republic of Tanzania;2014;
 America;United States of America (the);2014;1223
 America;Uruguay;2014;0
Europe;Uzbekistan;2014;2336
Western Pacific;Vanuatu;2014;
 America;Venezuela (Bolivarian Republic of);2014;69
Western Pacific;Viet Nam;2014;
Eastern Mediterranean;Yemen;2014;
Africa;Zambia;2014;
Africa;Zimbabwe;2014;
Eastern Mediterranean;Afghanistan;2015;
Europe;Albania;2015;
Africa;Algeria;2015;67
Europe;Andorra;2015;2
Africa;Angola;2015;
 America;Antigua and Barbuda;2015;0
 America;Argentina;2015;156
Europe;Armenia;2015;4
Western Pacific;Australia;2015;633
Europe;Austria;2015;
Europe;Azerbaijan;2015;6
 America;Bahamas (the);2015;0
Eastern Mediterranean;Bahrain;2015;36
South-East Asia;Bangladesh;2015;
 America;Barbados;2015;0
Europe;Belarus;2015;3
Europe;Belgium;2015;119
 America;Belize;2015;0
Africa;Benin;2015;
South-East Asia;Bhutan;2015;620
 America;Bolivia (Plurinational State of);2015;
Europe;Bosnia and Herzegovina;2015;56
Africa;Botswana;2015;0
 America;Brazil;2015;0
Western Pacific;Brunei Darussalam;2015;3
Europe;Bulgaria;2015;18
Africa;Burkina Faso;2015;17679
Africa;Burundi;2015;
Africa;Cabo Verde;2015;1
Western Pacific;Cambodia;2015;0
Africa;Cameroon;2015;
 America;Canada;2015;65
Africa;Central African Republic (the);2015;
Africa;Chad;2015;
 America;Chile;2015;1346
Western Pacific;China;2015;182833
 America;Colombia;2015;6573
Africa;Comoros (the);2015;0
Africa;Congo (the);2015;
Western Pacific;Cook Islands;2015;
 America;Costa Rica;2015;
Africa;C?te d'Ivoire;2015;
Europe;Croatia;2015;29
 America;Cuba;2015;0
Europe;Cyprus;2015;2
Europe;Czech Republic;2015;1616
South-East Asia;Democratic People's Republic of Korea (the);2015;0
Africa;Democratic Republic of the Congo (the);2015;
Europe;Denmark;2015;15
Eastern Mediterranean;Djibouti;2015;
 America;Dominica;2015;0
 America;Dominican Republic (the);2015;2087
 America;Ecuador;2015;1491
Eastern Mediterranean;Egypt;2015;5143
 America;El Salvador;2015;0
Africa;Equatorial Guinea;2015;0
Africa;Eritrea;2015;
Europe;Estonia;2015;3
Africa;Eswatini;2015;10730
Africa;Ethiopia;2015;
Western Pacific;Fiji;2015;
Europe;Finland;2015;2
Europe;France;2015;
Africa;Gabon;2015;
Africa;Gambia;2015;0
Europe;Georgia;2015;50
Europe;Germany;2015;699
Africa;Ghana;2015;0
Europe;Greece;2015;4
 America;Grenada;2015;0
 America;Guatemala;2015;
Africa;Guinea;2015;
Africa;Guinea-Bissau;2015;0
 America;Guyana;2015;0
 America;Haiti;2015;
 America;Honduras;2015;108
Europe;Hungary;2015;6
Europe;Iceland;2015;71
South-East Asia;India;2015;
South-East Asia;Indonesia;2015;
Eastern Mediterranean;Iran (Islamic Republic of);2015;
Eastern Mediterranean;Iraq;2015;12957
Europe;Ireland;2015;2016
Europe;Israel;2015;47
Europe;Italy;2015;
 America;Jamaica;2015;0
Western Pacific;Japan;2015;81046
Eastern Mediterranean;Jordan;2015;115
Europe;Kazakhstan;2015;25
Africa;Kenya;2015;
Western Pacific;Kiribati;2015;
Eastern Mediterranean;Kuwait;2015;32
Europe;Kyrgyzstan;2015;563
Western Pacific;Lao People's Democratic Republic (the);2015;0
Europe;Latvia;2015;21
Eastern Mediterranean;Lebanon;2015;1496
Africa;Lesotho;2015;0
Africa;Liberia;2015;0
Eastern Mediterranean;Libya;2015;
Europe;Lithuania;2015;39
Europe;Luxembourg;2015;0
Africa;Madagascar;2015;2
Africa;Malawi;2015;0
Western Pacific;Malaysia;2015;
South-East Asia;Maldives;2015;0
Africa;Mali;2015;
Europe;Malta;2015;4
Western Pacific;Marshall Islands (the);2015;
Africa;Mauritania;2015;0
Africa;Mauritius;2015;13
 America;Mexico;2015;3399
Western Pacific;Micronesia (Federated States of);2015;0
Europe;Monaco;2015;
Western Pacific;Mongolia;2015;241
Europe;Montenegro;2015;
Eastern Mediterranean;Morocco;2015;
Africa;Mozambique;2015;0
South-East Asia;Myanmar;2015;
Africa;Namibia;2015;0
Western Pacific;Nauru;2015;
South-East Asia;Nepal;2015;38858
Europe;Netherlands (the);2015;88
Western Pacific;New Zealand;2015;13
 America;Nicaragua;2015;29
Africa;Niger (the);2015;
Africa;Nigeria;2015;
Western Pacific;Niue;2015;
Europe;North Macedonia;2015;52
Europe;Norway;2015;181
Eastern Mediterranean;Oman;2015;588
Eastern Mediterranean;Pakistan;2015;
Western Pacific;Palau;2015;0
 America;Panama;2015;132
Western Pacific;Papua New Guinea;2015;
 America;Paraguay;2015;178
 America;Peru;2015;
Western Pacific;Philippines (the);2015;5
Europe;Poland;2015;
Europe;Portugal;2015;1
Eastern Mediterranean;Qatar;2015;21
Western Pacific;Republic of Korea (the);2015;
Europe;Republic of Moldova (the);2015;70
Europe;Romania;2015;446
Europe;Russian Federation (the);2015;190
Africa;Rwanda;2015;
 America;Saint Kitts and Nevis;2015;0
 America;Saint Lucia;2015;0
 America;Saint Vincent and the Grenadines;2015;0
Western Pacific;Samoa;2015;
Europe;San Marino;2015;2
Africa;Sao Tome and Principe;2015;0
Eastern Mediterranean;Saudi Arabia;2015;3
Africa;Senegal;2015;
Europe;Serbia;2015;41
Africa;Seychelles;2015;0
Africa;Sierra Leone;2015;
Western Pacific;Singapore;2015;
Europe;Slovakia;2015;1707
Europe;Slovenia;2015;1
Western Pacific;Solomon Islands;2015;
Eastern Mediterranean;Somalia;2015;
Africa;South Africa;2015;
Africa;South Sudan;2015;0
Europe;Spain;2015;
South-East Asia;Sri Lanka;2015;338
Eastern Mediterranean;Sudan (the);2015;
 America;Suriname;2015;0
Europe;Sweden;2015;23
Europe;Switzerland;2015;
Eastern Mediterranean;Syrian Arab Republic (the);2015;
Europe;Tajikistan;2015;
South-East Asia;Thailand;2015;3121
South-East Asia;Timor-Leste;2015;
Africa;Togo;2015;
Western Pacific;Tonga;2015;
 America;Trinidad and Tobago;2015;0
Eastern Mediterranean;Tunisia;2015;
Europe;Turkey;2015;322
Europe;Turkmenistan;2015;14
Western Pacific;Tuvalu;2015;
Africa;Uganda;2015;
Europe;Ukraine;2015;461
Eastern Mediterranean;United Arab Emirates (the);2015;
Europe;United Kingdom of Great Britain and Northern Ireland (the);2015;1008
Africa;United Republic of Tanzania;2015;
 America;United States of America (the);2015;1308
 America;Uruguay;2015;2087
Europe;Uzbekistan;2015;0
Western Pacific;Vanuatu;2015;
 America;Venezuela (Bolivarian Republic of);2015;156
Western Pacific;Viet Nam;2015;
Eastern Mediterranean;Yemen;2015;
Africa;Zambia;2015;
Africa;Zimbabwe;2015;0
Eastern Mediterranean;Afghanistan;2016;29
Europe;Albania;2016;17
Africa;Algeria;2016;0
Europe;Andorra;2016;5
Africa;Angola;2016;
 America;Antigua and Barbuda;2016;0
 America;Argentina;2016;74
Europe;Armenia;2016;1
Western Pacific;Australia;2016;800
Europe;Austria;2016;
Europe;Azerbaijan;2016;0
 America;Bahamas (the);2016;0
Eastern Mediterranean;Bahrain;2016;24
South-East Asia;Bangladesh;2016;
 America;Barbados;2016;0
Europe;Belarus;2016;4
Europe;Belgium;2016;153
 America;Belize;2016;0
Africa;Benin;2016;
South-East Asia;Bhutan;2016;795
 America;Bolivia (Plurinational State of);2016;0
Europe;Bosnia and Herzegovina;2016;170
Africa;Botswana;2016;0
 America;Brazil;2016;
Western Pacific;Brunei Darussalam;2016;3
Europe;Bulgaria;2016;19
Africa;Burkina Faso;2016;0
Africa;Burundi;2016;
Africa;Cabo Verde;2016;
Western Pacific;Cambodia;2016;
Africa;Cameroon;2016;
 America;Canada;2016;309
Africa;Central African Republic (the);2016;
Africa;Chad;2016;
 America;Chile;2016;1265
Western Pacific;China;2016;175001
 America;Colombia;2016;10452
Africa;Comoros (the);2016;7
Africa;Congo (the);2016;0
Western Pacific;Cook Islands;2016;
 America;Costa Rica;2016;75
Africa;C?te d'Ivoire;2016;
Europe;Croatia;2016;33
 America;Cuba;2016;0
Europe;Cyprus;2016;1
Europe;Czech Republic;2016;5734
South-East Asia;Democratic People's Republic of Korea (the);2016;0
Africa;Democratic Republic of the Congo (the);2016;
Europe;Denmark;2016;15
Eastern Mediterranean;Djibouti;2016;
 America;Dominica;2016;0
 America;Dominican Republic (the);2016;1833
 America;Ecuador;2016;1352
Eastern Mediterranean;Egypt;2016;803
 America;El Salvador;2016;0
Africa;Equatorial Guinea;2016;0
Africa;Eritrea;2016;1458
Europe;Estonia;2016;4
Africa;Eswatini;2016;1
Africa;Ethiopia;2016;
Western Pacific;Fiji;2016;
Europe;Finland;2016;6
Europe;France;2016;
Africa;Gabon;2016;
Africa;Gambia;2016;0
Europe;Georgia;2016;46
Europe;Germany;2016;741
Africa;Ghana;2016;16320
Europe;Greece;2016;4
 America;Grenada;2016;0
 America;Guatemala;2016;517
Africa;Guinea;2016;
Africa;Guinea-Bissau;2016;0
 America;Guyana;2016;0
 America;Haiti;2016;
 America;Honduras;2016;138
Europe;Hungary;2016;1
Europe;Iceland;2016;8
South-East Asia;India;2016;
South-East Asia;Indonesia;2016;
Eastern Mediterranean;Iran (Islamic Republic of);2016;
Eastern Mediterranean;Iraq;2016;73939
Europe;Ireland;2016;
Europe;Israel;2016;51
Europe;Italy;2016;
 America;Jamaica;2016;2
Western Pacific;Japan;2016;159031
Eastern Mediterranean;Jordan;2016;168
Europe;Kazakhstan;2016;24
Africa;Kenya;2016;80960
Western Pacific;Kiribati;2016;
Eastern Mediterranean;Kuwait;2016;
Europe;Kyrgyzstan;2016;318
Western Pacific;Lao People's Democratic Republic (the);2016;0
Europe;Latvia;2016;6
Eastern Mediterranean;Lebanon;2016;486
Africa;Lesotho;2016;0
Africa;Liberia;2016;
Eastern Mediterranean;Libya;2016;
Europe;Lithuania;2016;53
Europe;Luxembourg;2016;0
Africa;Madagascar;2016;
Africa;Malawi;2016;0
Western Pacific;Malaysia;2016;103
South-East Asia;Maldives;2016;0
Africa;Mali;2016;
Europe;Malta;2016;2
Western Pacific;Marshall Islands (the);2016;
Africa;Mauritania;2016;0
Africa;Mauritius;2016;
 America;Mexico;2016;3646
Western Pacific;Micronesia (Federated States of);2016;0
Europe;Monaco;2016;
Western Pacific;Mongolia;2016;346
Europe;Montenegro;2016;5
Eastern Mediterranean;Morocco;2016;
Africa;Mozambique;2016;
South-East Asia;Myanmar;2016;
Africa;Namibia;2016;
Western Pacific;Nauru;2016;
South-East Asia;Nepal;2016;30610
Europe;Netherlands (the);2016;71
Western Pacific;New Zealand;2016;20
 America;Nicaragua;2016;82
Africa;Niger (the);2016;0
Africa;Nigeria;2016;
Western Pacific;Niue;2016;
Europe;North Macedonia;2016;45
Europe;Norway;2016;83
Eastern Mediterranean;Oman;2016;112
Eastern Mediterranean;Pakistan;2016;
Western Pacific;Palau;2016;0
 America;Panama;2016;110
Western Pacific;Papua New Guinea;2016;
 America;Paraguay;2016;286
 America;Peru;2016;
Western Pacific;Philippines (the);2016;
Europe;Poland;2016;1978
Europe;Portugal;2016;138
Eastern Mediterranean;Qatar;2016;20
Western Pacific;Republic of Korea (the);2016;
Europe;Republic of Moldova (the);2016;109
Europe;Romania;2016;644
Europe;Russian Federation (the);2016;1106
Africa;Rwanda;2016;1809
 America;Saint Kitts and Nevis;2016;0
 America;Saint Lucia;2016;0
 America;Saint Vincent and the Grenadines;2016;0
Western Pacific;Samoa;2016;
Europe;San Marino;2016;0
Africa;Sao Tome and Principe;2016;7
Eastern Mediterranean;Saudi Arabia;2016;14
Africa;Senegal;2016;
Europe;Serbia;2016;40
Africa;Seychelles;2016;0
Africa;Sierra Leone;2016;
Western Pacific;Singapore;2016;
Europe;Slovakia;2016;203
Europe;Slovenia;2016;0
Western Pacific;Solomon Islands;2016;
Eastern Mediterranean;Somalia;2016;
Africa;South Africa;2016;
Africa;South Sudan;2016;
Europe;Spain;2016;4999
South-East Asia;Sri Lanka;2016;311
Eastern Mediterranean;Sudan (the);2016;
 America;Suriname;2016;13
Europe;Sweden;2016;22
Europe;Switzerland;2016;0
Eastern Mediterranean;Syrian Arab Republic (the);2016;85
Europe;Tajikistan;2016;1790
South-East Asia;Thailand;2016;23
South-East Asia;Timor-Leste;2016;0
Africa;Togo;2016;
Western Pacific;Tonga;2016;0
 America;Trinidad and Tobago;2016;0
Eastern Mediterranean;Tunisia;2016;
Europe;Turkey;2016;544
Europe;Turkmenistan;2016;0
Western Pacific;Tuvalu;2016;
Africa;Uganda;2016;
Europe;Ukraine;2016;439
Eastern Mediterranean;United Arab Emirates (the);2016;
Europe;United Kingdom of Great Britain and Northern Ireland (the);2016;974
Africa;United Republic of Tanzania;2016;
 America;United States of America (the);2016;6369
 America;Uruguay;2016;938
Europe;Uzbekistan;2016;268
Western Pacific;Vanuatu;2016;
 America;Venezuela (Bolivarian Republic of);2016;50
Western Pacific;Viet Nam;2016;
Eastern Mediterranean;Yemen;2016;
Africa;Zambia;2016;0
Africa;Zimbabwe;2016;14
Eastern Mediterranean;Afghanistan;2017;
Europe;Albania;2017;6
Africa;Algeria;2017;0
Europe;Andorra;2017;5
Africa;Angola;2017;
 America;Antigua and Barbuda;2017;0
 America;Argentina;2017;4396
Europe;Armenia;2017;8
Western Pacific;Australia;2017;806
Europe;Austria;2017;
Europe;Azerbaijan;2017;0
 America;Bahamas (the);2017;0
Eastern Mediterranean;Bahrain;2017;15
South-East Asia;Bangladesh;2017;
 America;Barbados;2017;0
Europe;Belarus;2017;4
Europe;Belgium;2017;13
 America;Belize;2017;14
Africa;Benin;2017;
South-East Asia;Bhutan;2017;259
 America;Bolivia (Plurinational State of);2017;9057
Europe;Bosnia and Herzegovina;2017;113
Africa;Botswana;2017;0
 America;Brazil;2017;
Western Pacific;Brunei Darussalam;2017;0
Europe;Bulgaria;2017;15
Africa;Burkina Faso;2017;18865
Africa;Burundi;2017;
Africa;Cabo Verde;2017;0
Western Pacific;Cambodia;2017;
Africa;Cameroon;2017;
 America;Canada;2017;2157
Africa;Central African Republic (the);2017;
Africa;Chad;2017;
 America;Chile;2017;6069
Western Pacific;China;2017;252740
 America;Colombia;2017;17835
Africa;Comoros (the);2017;64
Africa;Congo (the);2017;0
Western Pacific;Cook Islands;2017;
 America;Costa Rica;2017;54
Africa;C?te d'Ivoire;2017;
Europe;Croatia;2017;15
 America;Cuba;2017;0
Europe;Cyprus;2017;2
Europe;Czech Republic;2017;1407
South-East Asia;Democratic People's Republic of Korea (the);2017;0
Africa;Democratic Republic of the Congo (the);2017;
Europe;Denmark;2017;11
Eastern Mediterranean;Djibouti;2017;
 America;Dominica;2017;0
 America;Dominican Republic (the);2017;1910
 America;Ecuador;2017;1472
Eastern Mediterranean;Egypt;2017;5891
 America;El Salvador;2017;163
Africa;Equatorial Guinea;2017;
Africa;Eritrea;2017;1990
Europe;Estonia;2017;6
Africa;Eswatini;2017;268
Africa;Ethiopia;2017;
Western Pacific;Fiji;2017;
Europe;Finland;2017;10
Europe;France;2017;
Africa;Gabon;2017;
Africa;Gambia;2017;0
Europe;Georgia;2017;28
Europe;Germany;2017;652
Africa;Ghana;2017;20270
Europe;Greece;2017;7
 America;Grenada;2017;0
 America;Guatemala;2017;539
Africa;Guinea;2017;0
Africa;Guinea-Bissau;2017;0
 America;Guyana;2017;0
 America;Haiti;2017;
 America;Honduras;2017;115
Europe;Hungary;2017;1
Europe;Iceland;2017;8
South-East Asia;India;2017;
South-East Asia;Indonesia;2017;
Eastern Mediterranean;Iran (Islamic Republic of);2017;
Eastern Mediterranean;Iraq;2017;36367
Europe;Ireland;2017;318
Europe;Israel;2017;353
Europe;Italy;2017;508
 America;Jamaica;2017;3
Western Pacific;Japan;2017;77884
Eastern Mediterranean;Jordan;2017;0
Europe;Kazakhstan;2017;39
Africa;Kenya;2017;
Western Pacific;Kiribati;2017;0
Eastern Mediterranean;Kuwait;2017;
Europe;Kyrgyzstan;2017;281
Western Pacific;Lao People's Democratic Republic (the);2017;0
Europe;Latvia;2017;4
Eastern Mediterranean;Lebanon;2017;199
Africa;Lesotho;2017;0
Africa;Liberia;2017;
Eastern Mediterranean;Libya;2017;
Europe;Lithuania;2017;45
Europe;Luxembourg;2017;1
Africa;Madagascar;2017;
Africa;Malawi;2017;0
Western Pacific;Malaysia;2017;
South-East Asia;Maldives;2017;6
Africa;Mali;2017;
Europe;Malta;2017;2
Western Pacific;Marshall Islands (the);2017;
Africa;Mauritania;2017;
Africa;Mauritius;2017;0
 America;Mexico;2017;
Western Pacific;Micronesia (Federated States of);2017;23
Europe;Monaco;2017;
Western Pacific;Mongolia;2017;219
Europe;Montenegro;2017;5
Eastern Mediterranean;Morocco;2017;
Africa;Mozambique;2017;0
South-East Asia;Myanmar;2017;
Africa;Namibia;2017;0
Western Pacific;Nauru;2017;
South-East Asia;Nepal;2017;61228
Europe;Netherlands (the);2017;46
Western Pacific;New Zealand;2017;1337
 America;Nicaragua;2017;2
Africa;Niger (the);2017;0
Africa;Nigeria;2017;
Western Pacific;Niue;2017;0
Europe;North Macedonia;2017;32
Europe;Norway;2017;18
Eastern Mediterranean;Oman;2017;153
Eastern Mediterranean;Pakistan;2017;
Western Pacific;Palau;2017;0
 America;Panama;2017;47
Western Pacific;Papua New Guinea;2017;
 America;Paraguay;2017;1090
 America;Peru;2017;
Western Pacific;Philippines (the);2017;
Europe;Poland;2017;1670
Europe;Portugal;2017;179
Eastern Mediterranean;Qatar;2017;21
Western Pacific;Republic of Korea (the);2017;1121
Europe;Republic of Moldova (the);2017;78
Europe;Romania;2017;315
Europe;Russian Federation (the);2017;4443
Africa;Rwanda;2017;
 America;Saint Kitts and Nevis;2017;0
 America;Saint Lucia;2017;0
 America;Saint Vincent and the Grenadines;2017;0
Western Pacific;Samoa;2017;0
Europe;San Marino;2017;0
Africa;Sao Tome and Principe;2017;15
Eastern Mediterranean;Saudi Arabia;2017;47
Africa;Senegal;2017;
Europe;Serbia;2017;37
Africa;Seychelles;2017;0
Africa;Sierra Leone;2017;
Western Pacific;Singapore;2017;524
Europe;Slovakia;2017;29
Europe;Slovenia;2017;3
Western Pacific;Solomon Islands;2017;0
Eastern Mediterranean;Somalia;2017;
Africa;South Africa;2017;
Africa;South Sudan;2017;0
Europe;Spain;2017;10082
South-East Asia;Sri Lanka;2017;252
Eastern Mediterranean;Sudan (the);2017;
 America;Suriname;2017;
Europe;Sweden;2017;32
Europe;Switzerland;2017;
Eastern Mediterranean;Syrian Arab Republic (the);2017;360
Europe;Tajikistan;2017;2532
South-East Asia;Thailand;2017;17
South-East Asia;Timor-Leste;2017;21
Africa;Togo;2017;
Western Pacific;Tonga;2017;
 America;Trinidad and Tobago;2017;0
Eastern Mediterranean;Tunisia;2017;
Europe;Turkey;2017;419
Europe;Turkmenistan;2017;24
Western Pacific;Tuvalu;2017;
Africa;Uganda;2017;
Europe;Ukraine;2017;336
Eastern Mediterranean;United Arab Emirates (the);2017;
Europe;United Kingdom of Great Britain and Northern Ireland (the);2017;2360
Africa;United Republic of Tanzania;2017;
 America;United States of America (the);2017;6109
 America;Uruguay;2017;1726
Europe;Uzbekistan;2017;301
Western Pacific;Vanuatu;2017;
 America;Venezuela (Bolivarian Republic of);2017;81
Western Pacific;Viet Nam;2017;
Eastern Mediterranean;Yemen;2017;
Africa;Zambia;2017;0
Africa;Zimbabwe;2017;18
Eastern Mediterranean;Afghanistan;2018;
Europe;Albania;2018;13
Africa;Algeria;2018;
Europe;Andorra;2018;31
Africa;Angola;2018;
 America;Antigua and Barbuda;2018;0
 America;Argentina;2018;7715
Europe;Armenia;2018;4
Western Pacific;Australia;2018;634
Europe;Austria;2018;
Europe;Azerbaijan;2018;0
 America;Bahamas (the);2018;0
Eastern Mediterranean;Bahrain;2018;12
South-East Asia;Bangladesh;2018;
 America;Barbados;2018;0
Europe;Belarus;2018;1
Europe;Belgium;2018;230
 America;Belize;2018;11
Africa;Benin;2018;
South-East Asia;Bhutan;2018;27
 America;Bolivia (Plurinational State of);2018;36
Europe;Bosnia and Herzegovina;2018;80
Africa;Botswana;2018;0
 America;Brazil;2018;
Western Pacific;Brunei Darussalam;2018;1
Europe;Bulgaria;2018;27
Africa;Burkina Faso;2018;26982
Africa;Burundi;2018;
Africa;Cabo Verde;2018;0
Western Pacific;Cambodia;2018;
Africa;Cameroon;2018;
 America;Canada;2018;787
Africa;Central African Republic (the);2018;0
Africa;Chad;2018;
 America;Chile;2018;14865
Western Pacific;China;2018;259071
 America;Colombia;2018;19105
Africa;Comoros (the);2018;27
Africa;Congo (the);2018;
Western Pacific;Cook Islands;2018;0
 America;Costa Rica;2018;127
Africa;C?te d'Ivoire;2018;3248
Europe;Croatia;2018;24
 America;Cuba;2018;0
Europe;Cyprus;2018;3
Europe;Czech Republic;2018;516
South-East Asia;Democratic People's Republic of Korea (the);2018;0
Africa;Democratic Republic of the Congo (the);2018;
Europe;Denmark;2018;17
Eastern Mediterranean;Djibouti;2018;
 America;Dominica;2018;0
 America;Dominican Republic (the);2018;1572
 America;Ecuador;2018;2699
Eastern Mediterranean;Egypt;2018;4545
 America;El Salvador;2018;232
Africa;Equatorial Guinea;2018;
Africa;Eritrea;2018;0
Europe;Estonia;2018;6
Africa;Eswatini;2018;0
Africa;Ethiopia;2018;
Western Pacific;Fiji;2018;0
Europe;Finland;2018;4
Europe;France;2018;
Africa;Gabon;2018;
Africa;Gambia;2018;
Europe;Georgia;2018;31
Europe;Germany;2018;534
Africa;Ghana;2018;22069
Europe;Greece;2018;1
 America;Grenada;2018;0
 America;Guatemala;2018;440
Africa;Guinea;2018;
Africa;Guinea-Bissau;2018;0
 America;Guyana;2018;0
 America;Haiti;2018;
 America;Honduras;2018;14761
Europe;Hungary;2018;1
Europe;Iceland;2018;3
South-East Asia;India;2018;
South-East Asia;Indonesia;2018;
Eastern Mediterranean;Iran (Islamic Republic of);2018;
Eastern Mediterranean;Iraq;2018;17334
Europe;Ireland;2018;575
Europe;Israel;2018;239
Europe;Italy;2018;47
 America;Jamaica;2018;0
Western Pacific;Japan;2018;23684
Eastern Mediterranean;Jordan;2018;6
Europe;Kazakhstan;2018;38
Africa;Kenya;2018;
Western Pacific;Kiribati;2018;0
Eastern Mediterranean;Kuwait;2018;
Europe;Kyrgyzstan;2018;273
Western Pacific;Lao People's Democratic Republic (the);2018;0
Europe;Latvia;2018;2
Eastern Mediterranean;Lebanon;2018;117
Africa;Lesotho;2018;0
Africa;Liberia;2018;
Eastern Mediterranean;Libya;2018;
Europe;Lithuania;2018;19
Europe;Luxembourg;2018;0
Africa;Madagascar;2018;
Africa;Malawi;2018;0
Western Pacific;Malaysia;2018;
South-East Asia;Maldives;2018;0
Africa;Mali;2018;
Europe;Malta;2018;0
Western Pacific;Marshall Islands (the);2018;
Africa;Mauritania;2018;
Africa;Mauritius;2018;
 America;Mexico;2018;
Western Pacific;Micronesia (Federated States of);2018;0
Europe;Monaco;2018;
Western Pacific;Mongolia;2018;
Europe;Montenegro;2018;1
Eastern Mediterranean;Morocco;2018;
Africa;Mozambique;2018;
South-East Asia;Myanmar;2018;
Africa;Namibia;2018;
Western Pacific;Nauru;2018;
South-East Asia;Nepal;2018;29614
Europe;Netherlands (the);2018;73
Western Pacific;New Zealand;2018;442
 America;Nicaragua;2018;3
Africa;Niger (the);2018;
Africa;Nigeria;2018;
Western Pacific;Niue;2018;
Europe;North Macedonia;2018;28
Europe;Norway;2018;11
Eastern Mediterranean;Oman;2018;151
Eastern Mediterranean;Pakistan;2018;
Western Pacific;Palau;2018;
 America;Panama;2018;142
Western Pacific;Papua New Guinea;2018;0
 America;Paraguay;2018;1626
 America;Peru;2018;0
Western Pacific;Philippines (the);2018;
Europe;Poland;2018;1585
Europe;Portugal;2018;106
Eastern Mediterranean;Qatar;2018;224
Western Pacific;Republic of Korea (the);2018;19237
Europe;Republic of Moldova (the);2018;127
Europe;Romania;2018;119
Europe;Russian Federation (the);2018;2027
Africa;Rwanda;2018;2154
 America;Saint Kitts and Nevis;2018;0
 America;Saint Lucia;2018;0
 America;Saint Vincent and the Grenadines;2018;0
Western Pacific;Samoa;2018;50
Europe;San Marino;2018;0
Africa;Sao Tome and Principe;2018;0
Eastern Mediterranean;Saudi Arabia;2018;118
Africa;Senegal;2018;
Europe;Serbia;2018;13
Africa;Seychelles;2018;0
Africa;Sierra Leone;2018;
Western Pacific;Singapore;2018;476
Europe;Slovakia;2018;13
Europe;Slovenia;2018;0
Western Pacific;Solomon Islands;2018;0
Eastern Mediterranean;Somalia;2018;
Africa;South Africa;2018;0
Africa;South Sudan;2018;
Europe;Spain;2018;9129
South-East Asia;Sri Lanka;2018;290
Eastern Mediterranean;Sudan (the);2018;
 America;Suriname;2018;9
Europe;Sweden;2018;21
Europe;Switzerland;2018;
Eastern Mediterranean;Syrian Arab Republic (the);2018;534
Europe;Tajikistan;2018;1873
South-East Asia;Thailand;2018;2061
South-East Asia;Timor-Leste;2018;26
Africa;Togo;2018;
Western Pacific;Tonga;2018;0
 America;Trinidad and Tobago;2018;0
Eastern Mediterranean;Tunisia;2018;
Europe;Turkey;2018;464
Europe;Turkmenistan;2018;15
Western Pacific;Tuvalu;2018;
Africa;Uganda;2018;
Europe;Ukraine;2018;392
Eastern Mediterranean;United Arab Emirates (the);2018;104
Europe;United Kingdom of Great Britain and Northern Ireland (the);2018;1398
Africa;United Republic of Tanzania;2018;
 America;United States of America (the);2018;
 America;Uruguay;2018;1645
Europe;Uzbekistan;2018;0
Western Pacific;Vanuatu;2018;383
 America;Venezuela (Bolivarian Republic of);2018;
Western Pacific;Viet Nam;2018;
Eastern Mediterranean;Yemen;2018;
Africa;Zambia;2018;
Africa;Zimbabwe;2018;2
